timeStamp,elapsed,label,responseCode,responseMessage,threadName,dataType,success,failureMessage,bytes,sentBytes,grpThreads,allThreads,URL,Latency,IdleTime,Connect
1682941964316,1343,HTTP Request,200,OK,Thread Group 1-24,text,true,,124610,119,91,91,https://www.w3schools.com/,1061,0,850
1682941964807,932,HTTP Request,200,OK,Thread Group 1-48,text,true,,124610,119,94,94,https://www.w3schools.com/,606,0,387
1682941964095,1652,HTTP Request,200,OK,Thread Group 1-13,text,true,,124610,119,93,93,https://www.w3schools.com/,1344,0,1087
1682941964373,1433,HTTP Request,200,OK,Thread Group 1-27,text,true,,124610,119,95,95,https://www.w3schools.com/,1005,0,793
1682941964694,1187,HTTP Request,200,OK,Thread Group 1-43,text,true,,124610,119,98,98,https://www.w3schools.com/,685,0,473
1682941964534,1373,HTTP Request,200,OK,Thread Group 1-35,text,true,,124610,119,98,98,https://www.w3schools.com/,841,0,635
1682941964554,1357,HTTP Request,200,OK,Thread Group 1-36,text,true,,124610,119,97,97,https://www.w3schools.com/,823,0,613
1682941964773,1189,HTTP Request,200,OK,Thread Group 1-47,text,true,,124610,119,99,99,https://www.w3schools.com/,603,0,394
1682941964233,1754,HTTP Request,200,OK,Thread Group 1-20,text,true,,124610,119,99,99,https://www.w3schools.com/,1245,0,980
1682941964134,1927,HTTP Request,200,OK,Thread Group 1-15,text,true,,124610,119,102,102,https://www.w3schools.com/,1293,0,1061
1682941964213,1864,HTTP Request,200,OK,Thread Group 1-19,text,true,,124610,119,102,102,https://www.w3schools.com/,1214,0,953
1682941964453,1723,HTTP Request,200,OK,Thread Group 1-31,text,true,,124610,119,105,105,https://www.w3schools.com/,932,0,713
1682941964048,2215,HTTP Request,200,OK,Thread Group 1-9,text,true,,124610,119,109,109,https://www.w3schools.com/,1391,0,1119
1682941964047,2328,HTTP Request,200,OK,Thread Group 1-6,text,true,,124610,119,114,114,https://www.w3schools.com/,1421,0,1120
1682941964614,1918,HTTP Request,200,OK,Thread Group 1-39,text,true,,124610,119,119,119,https://www.w3schools.com/,1145,0,552
1682941964295,2274,HTTP Request,200,OK,Thread Group 1-23,text,true,,124610,119,121,121,https://www.w3schools.com/,1497,0,872
1682941964048,2602,HTTP Request,200,OK,Thread Group 1-5,text,true,,124610,119,124,124,https://www.w3schools.com/,1772,0,1139
1682941964074,2590,HTTP Request,200,OK,Thread Group 1-12,text,true,,124610,119,124,124,https://www.w3schools.com/,1761,0,1130
1682941964154,2548,HTTP Request,200,OK,Thread Group 1-16,text,true,,124610,119,125,125,https://www.w3schools.com/,1698,0,1060
1682941964474,2238,HTTP Request,200,OK,Thread Group 1-32,text,true,,124610,119,124,124,https://www.w3schools.com/,1409,0,744
1682941965000,1743,HTTP Request,200,OK,Thread Group 1-58,text,true,,124610,119,125,125,https://www.w3schools.com/,899,0,537
1682941964654,2113,HTTP Request,200,OK,Thread Group 1-41,text,true,,124610,119,125,125,https://www.w3schools.com/,1274,0,585
1682941964172,2613,HTTP Request,200,OK,Thread Group 1-17,text,true,,124610,119,125,125,https://www.w3schools.com/,1775,0,1064
1682941964047,2746,HTTP Request,200,OK,Thread Group 1-10,text,true,,124610,119,125,125,https://www.w3schools.com/,1949,0,1157
1682941964394,2458,HTTP Request,200,OK,Thread Group 1-28,text,true,,124610,119,126,126,https://www.w3schools.com/,1002,0,772
1682941965147,1925,HTTP Request,200,OK,Thread Group 1-65,text,true,,124610,119,136,136,https://www.w3schools.com/,1175,0,620
1682941965158,2025,HTTP Request,200,OK,Thread Group 1-66,text,true,,124610,119,141,141,https://www.w3schools.com/,1139,0,588
1682941964875,2309,HTTP Request,200,OK,Thread Group 1-52,text,true,,124610,119,141,141,https://www.w3schools.com/,1466,0,905
1682941964875,2400,HTTP Request,200,OK,Thread Group 1-51,text,true,,124610,119,142,142,https://www.w3schools.com/,1587,0,926
1682941965002,2301,HTTP Request,200,OK,Thread Group 1-55,text,true,,124610,119,141,141,https://www.w3schools.com/,1098,0,609
1682941964934,2425,HTTP Request,200,OK,Thread Group 1-54,text,true,,124610,119,146,146,https://www.w3schools.com/,1219,0,348
1682941964976,2418,HTTP Request,200,OK,Thread Group 1-57,text,true,,124610,119,146,146,https://www.w3schools.com/,1259,0,368
1682941964493,3192,HTTP Request,200,OK,Thread Group 1-33,text,true,,124610,119,160,160,https://www.w3schools.com/,1688,0,1225
1682941964735,3064,HTTP Request,200,OK,Thread Group 1-45,text,true,,124610,119,164,164,https://www.w3schools.com/,1730,0,1072
1682941964573,3248,HTTP Request,200,OK,Thread Group 1-37,text,true,,124610,119,164,164,https://www.w3schools.com/,1905,0,1239
1682941964047,3774,HTTP Request,200,OK,Thread Group 1-8,text,true,,124610,119,164,164,https://www.w3schools.com/,2005,0,1554
1682941965075,2750,HTTP Request,200,OK,Thread Group 1-62,text,true,,124610,119,162,162,https://www.w3schools.com/,1816,0,1284
1682941964115,3853,HTTP Request,200,OK,Thread Group 1-14,text,true,,124610,119,167,167,https://www.w3schools.com/,2077,0,1574
1682941964047,3956,HTTP Request,200,OK,Thread Group 1-7,text,true,,124610,119,170,170,https://www.w3schools.com/,3047,0,1998
1682941965429,2746,HTTP Request,200,OK,Thread Group 1-79,text,true,,124610,119,177,177,https://www.w3schools.com/,1631,0,1019
1682941965455,2911,HTTP Request,200,OK,Thread Group 1-81,text,true,,124610,119,185,185,https://www.w3schools.com/,1672,0,1018
1682941965229,3137,HTTP Request,200,OK,Thread Group 1-67,text,true,,124610,119,185,185,https://www.w3schools.com/,1477,0,892
1682941965475,2942,HTTP Request,200,OK,Thread Group 1-82,text,true,,124610,119,186,186,https://www.w3schools.com/,1689,0,1034
1682941965600,2927,HTTP Request,200,OK,Thread Group 1-88,text,true,,124610,119,190,190,https://www.w3schools.com/,1676,0,1043
1682941965398,3144,HTTP Request,200,OK,Thread Group 1-78,text,true,,124610,119,189,189,https://www.w3schools.com/,1411,0,885
1682941965614,3016,HTTP Request,200,OK,Thread Group 1-89,text,true,,124610,119,193,193,https://www.w3schools.com/,1732,0,1066
1682941964894,3840,HTTP Request,200,OK,Thread Group 1-53,text,true,,124610,119,198,198,https://www.w3schools.com/,2015,0,1468
1682941964715,4114,HTTP Request,200,OK,Thread Group 1-44,text,true,,124610,119,202,202,https://www.w3schools.com/,2679,0,1318
1682941965660,3231,HTTP Request,200,OK,Thread Group 1-91,text,true,,124610,119,204,204,https://www.w3schools.com/,1789,0,1101
1682941965720,3324,HTTP Request,200,OK,Thread Group 1-94,text,true,,124610,119,208,208,https://www.w3schools.com/,1829,0,1080
1682941965358,3789,HTTP Request,200,OK,Thread Group 1-76,text,true,,124610,119,214,214,https://www.w3schools.com/,2265,0,869
1682941964273,4874,HTTP Request,200,OK,Thread Group 1-22,text,true,,124610,119,214,214,https://www.w3schools.com/,3323,0,1817
1682941964512,4836,HTTP Request,200,OK,Thread Group 1-34,text,true,,124610,119,222,222,https://www.w3schools.com/,2519,0,1282
1682941965838,3625,HTTP Request,200,OK,Thread Group 1-100,text,true,,124610,119,227,227,https://www.w3schools.com/,2032,0,1372
1682941965855,3874,HTTP Request,200,OK,Thread Group 1-101,text,true,,124610,119,240,240,https://www.w3schools.com/,2040,0,1366
1682941966074,3704,HTTP Request,200,OK,Thread Group 1-112,text,true,,124610,119,241,241,https://www.w3schools.com/,1929,0,1239
1682941965902,3940,HTTP Request,200,OK,Thread Group 1-103,text,true,,124610,119,243,243,https://www.w3schools.com/,2047,0,1382
1682941966100,3999,HTTP Request,200,OK,Thread Group 1-113,text,true,,124610,119,254,254,https://www.w3schools.com/,1958,0,1225
1682941965799,4383,HTTP Request,200,OK,Thread Group 1-98,text,true,,124610,119,258,258,https://www.w3schools.com/,1916,0,1208
1682941966133,4129,HTTP Request,200,OK,Thread Group 1-115,text,true,,124610,119,261,261,https://www.w3schools.com/,2045,0,1266
1682941965044,5230,HTTP Request,200,OK,Thread Group 1-60,text,true,,124610,119,260,260,https://www.w3schools.com/,3152,0,1329
1682941965555,4739,HTTP Request,200,OK,Thread Group 1-86,text,true,,124610,119,261,261,https://www.w3schools.com/,2681,0,1922
1682941966214,4179,HTTP Request,200,OK,Thread Group 1-119,text,true,,124610,119,264,264,https://www.w3schools.com/,2046,0,1283
1682941965241,5168,HTTP Request,200,OK,Thread Group 1-68,text,true,,124610,119,264,264,https://www.w3schools.com/,3031,0,2270
1682941966235,4211,HTTP Request,200,OK,Thread Group 1-120,text,true,,124610,119,265,265,https://www.w3schools.com/,2086,0,1281
1682941965315,5299,HTTP Request,200,OK,Thread Group 1-74,text,true,,124610,119,273,273,https://www.w3schools.com/,3012,0,867
1682941966299,4537,HTTP Request,200,OK,Thread Group 1-123,text,true,,124610,119,282,282,https://www.w3schools.com/,2296,0,1353
1682941966363,4525,HTTP Request,200,OK,Thread Group 1-126,text,true,,124610,119,283,283,https://www.w3schools.com/,2268,0,1301
1682941965875,5064,HTTP Request,200,OK,Thread Group 1-102,text,true,,124610,119,286,286,https://www.w3schools.com/,2041,0,1391
1682941966376,4639,HTTP Request,200,OK,Thread Group 1-127,text,true,,124610,119,289,289,https://www.w3schools.com/,2381,0,1325
1682941965634,5391,HTTP Request,200,OK,Thread Group 1-90,text,true,,124610,119,288,288,https://www.w3schools.com/,3096,0,1092
1682941966397,4660,HTTP Request,200,OK,Thread Group 1-128,text,true,,124610,119,288,288,https://www.w3schools.com/,2367,0,1306
1682941964592,6535,HTTP Request,200,OK,Thread Group 1-38,text,true,,124610,119,290,290,https://www.w3schools.com/,2786,0,1413
1682941966453,4738,HTTP Request,200,OK,Thread Group 1-131,text,true,,124610,119,293,293,https://www.w3schools.com/,2376,0,1326
1682941965777,5485,HTTP Request,200,OK,Thread Group 1-97,text,true,,124610,119,295,295,https://www.w3schools.com/,3104,0,1074
1682941964415,6891,HTTP Request,200,OK,Thread Group 1-29,text,true,,124610,119,297,297,https://www.w3schools.com/,2995,0,1606
1682941964355,6977,HTTP Request,200,OK,Thread Group 1-26,text,true,,124610,119,297,297,https://www.w3schools.com/,3072,0,1655
1682941966533,4799,HTTP Request,200,OK,Thread Group 1-134,text,true,,124610,119,297,297,https://www.w3schools.com/,2391,0,1321
1682941966118,5262,HTTP Request,200,OK,Thread Group 1-114,text,true,,124610,119,297,297,https://www.w3schools.com/,1994,0,1246
1682941965535,5848,HTTP Request,200,OK,Thread Group 1-85,text,true,,124610,119,296,296,https://www.w3schools.com/,2593,0,1041
1682941965574,5860,HTTP Request,200,OK,Thread Group 1-87,text,true,,124610,119,298,298,https://www.w3schools.com/,2604,0,1843
1682941965496,6016,HTTP Request,200,OK,Thread Group 1-83,text,true,,124610,119,300,300,https://www.w3schools.com/,3517,0,1048
1682941965736,5860,HTTP Request,200,OK,Thread Group 1-95,text,true,,124610,119,304,304,https://www.w3schools.com/,3322,0,2264
1682941966562,5034,HTTP Request,200,OK,Thread Group 1-136,text,true,,124610,119,304,304,https://www.w3schools.com/,2467,0,1427
1682941965041,6556,HTTP Request,200,OK,Thread Group 1-59,text,true,,124610,119,304,304,https://www.w3schools.com/,3086,0,1353
1682941965222,6478,HTTP Request,200,OK,Thread Group 1-63,text,true,,124610,119,306,306,https://www.w3schools.com/,3024,0,849
1682941966675,5070,HTTP Request,200,OK,Thread Group 1-142,text,true,,124610,119,308,308,https://www.w3schools.com/,2532,0,1421
1682941966695,5205,HTTP Request,200,OK,Thread Group 1-143,text,true,,124610,119,315,315,https://www.w3schools.com/,2583,0,1447
1682941964333,7698,HTTP Request,200,OK,Thread Group 1-25,text,true,,124610,119,320,320,https://www.w3schools.com/,3379,0,1496
1682941964674,7488,HTTP Request,200,OK,Thread Group 1-42,text,true,,124610,119,326,326,https://www.w3schools.com/,3774,0,951
1682941966153,6029,HTTP Request,200,OK,Thread Group 1-116,text,true,,124610,119,325,325,https://www.w3schools.com/,3400,0,1277
1682941966038,6306,HTTP Request,200,OK,Thread Group 1-110,text,true,,124610,119,332,332,https://www.w3schools.com/,3634,0,2580
1682941966955,5427,HTTP Request,200,OK,Thread Group 1-156,text,true,,124610,119,334,334,https://www.w3schools.com/,2730,0,1680
1682941966279,6103,HTTP Request,200,OK,Thread Group 1-122,text,true,,124610,119,334,334,https://www.w3schools.com/,3395,0,1347
1682941964055,8352,HTTP Request,200,OK,Thread Group 1-11,text,true,,124610,119,332,332,https://www.w3schools.com/,4191,0,2167
1682941965675,6767,HTTP Request,200,OK,Thread Group 1-92,text,true,,124610,119,333,333,https://www.w3schools.com/,4099,0,2152
1682941965701,6743,HTTP Request,200,OK,Thread Group 1-93,text,true,,124610,119,333,333,https://www.w3schools.com/,4051,0,2154
1682941966793,5654,HTTP Request,200,OK,Thread Group 1-148,text,true,,124610,119,332,332,https://www.w3schools.com/,2649,0,1571
1682941964754,7705,HTTP Request,200,OK,Thread Group 1-46,text,true,,124610,119,331,331,https://www.w3schools.com/,3698,0,1446
1682941965994,6469,HTTP Request,200,OK,Thread Group 1-108,text,true,,124610,119,331,331,https://www.w3schools.com/,3819,0,2755
1682941966414,6115,HTTP Request,200,OK,Thread Group 1-129,text,true,,124610,119,332,332,https://www.w3schools.com/,3456,0,1315
1682941966053,6490,HTTP Request,200,OK,Thread Group 1-111,text,true,,124610,119,332,332,https://www.w3schools.com/,3824,0,2732
1682941966435,6177,HTTP Request,200,OK,Thread Group 1-130,text,true,,124610,119,334,334,https://www.w3schools.com/,3519,0,1318
1682941967054,5558,HTTP Request,200,OK,Thread Group 1-161,text,true,,124610,119,334,334,https://www.w3schools.com/,2893,0,1762
1682941964633,8058,HTTP Request,200,OK,Thread Group 1-40,text,true,,124610,119,336,336,https://www.w3schools.com/,2549,0,549
1682941967134,5557,HTTP Request,200,OK,Thread Group 1-165,text,true,,124610,119,336,336,https://www.w3schools.com/,2849,0,1720
1682941966180,6535,HTTP Request,200,OK,Thread Group 1-117,text,true,,124610,119,335,335,https://www.w3schools.com/,3906,0,2686
1682941967181,5647,HTTP Request,200,OK,Thread Group 1-167,text,true,,124610,119,340,340,https://www.w3schools.com/,2977,0,1715
1682941966535,6343,HTTP Request,200,OK,Thread Group 1-135,text,true,,124610,119,341,341,https://www.w3schools.com/,3762,0,1319
1682941966473,6434,HTTP Request,200,OK,Thread Group 1-132,text,true,,124610,119,342,342,https://www.w3schools.com/,3789,0,1326
1682941964048,8874,HTTP Request,200,OK,Thread Group 1-4,text,true,,124610,119,341,341,https://www.w3schools.com/,4405,0,2361
1682941967271,5675,HTTP Request,200,OK,Thread Group 1-170,text,true,,124610,119,342,342,https://www.w3schools.com/,3171,0,1807
1682941966535,6420,HTTP Request,200,OK,Thread Group 1-133,text,true,,124610,119,341,341,https://www.w3schools.com/,3847,0,1331
1682941967304,5801,HTTP Request,200,OK,Thread Group 1-173,text,true,,124610,119,348,348,https://www.w3schools.com/,3375,0,1790
1682941965374,7785,HTTP Request,200,OK,Thread Group 1-77,text,true,,124610,119,348,348,https://www.w3schools.com/,3018,0,912
1682941965974,7192,HTTP Request,200,OK,Thread Group 1-107,text,true,,124610,119,349,349,https://www.w3schools.com/,4720,0,3123
1682941967345,6001,HTTP Request,200,OK,Thread Group 1-175,text,true,,124610,119,357,357,https://www.w3schools.com/,3438,0,1872
1682941964048,9309,HTTP Request,200,OK,Thread Group 1-2,text,true,,124610,119,356,356,https://www.w3schools.com/,3752,0,2124
1682941966935,6425,HTTP Request,200,OK,Thread Group 1-155,text,true,,124610,119,355,355,https://www.w3schools.com/,2650,0,1642
1682941964815,8548,HTTP Request,200,OK,Thread Group 1-49,text,true,,124610,119,354,354,https://www.w3schools.com/,2985,0,1353
1682941967377,6001,HTTP Request,200,OK,Thread Group 1-177,text,true,,124610,119,354,354,https://www.w3schools.com/,3520,0,1926
1682941965228,8199,HTTP Request,200,OK,Thread Group 1-64,text,true,,124610,119,356,356,https://www.w3schools.com/,3098,0,2316
1682941966614,6815,HTTP Request,200,OK,Thread Group 1-139,text,true,,124610,119,355,355,https://www.w3schools.com/,4315,0,2895
1682941966773,6739,HTTP Request,200,OK,Thread Group 1-147,text,true,,124610,119,358,358,https://www.w3schools.com/,4340,0,1499
1682941966015,7498,HTTP Request,200,OK,Thread Group 1-109,text,true,,124610,119,358,358,https://www.w3schools.com/,3717,0,2662
1682941966575,6987,HTTP Request,200,OK,Thread Group 1-137,text,true,,124610,119,358,358,https://www.w3schools.com/,4641,0,3152
1682941967708,5888,HTTP Request,200,OK,Thread Group 1-193,text,true,,124610,119,359,359,https://www.w3schools.com/,3633,0,2159
1682941967662,6011,HTTP Request,200,OK,Thread Group 1-191,text,true,,124610,119,362,362,https://www.w3schools.com/,3738,0,2057
1682941964835,9077,HTTP Request,200,OK,Thread Group 1-50,text,true,,124610,119,372,372,https://www.w3schools.com/,4333,0,2191
1682941967847,6082,HTTP Request,200,OK,Thread Group 1-199,text,true,,124610,119,371,371,https://www.w3schools.com/,3832,0,2300
1682941967809,6158,HTTP Request,200,OK,Thread Group 1-198,text,true,,124610,119,370,370,https://www.w3schools.com/,3920,0,2280
1682941967993,5990,HTTP Request,200,OK,Thread Group 1-205,text,true,,124610,119,369,369,https://www.w3schools.com/,3806,0,2435
1682941966199,7795,HTTP Request,200,OK,Thread Group 1-118,text,true,,124610,119,368,368,https://www.w3schools.com/,4313,0,2881
1682941966635,7392,HTTP Request,200,OK,Thread Group 1-140,text,true,,124610,119,367,367,https://www.w3schools.com/,5095,0,1394
1682941965244,8830,HTTP Request,200,OK,Thread Group 1-70,text,true,,124610,119,366,366,https://www.w3schools.com/,3103,0,893
1682941964047,10044,HTTP Request,200,OK,Thread Group 1-1,text,true,,124610,119,365,365,https://www.w3schools.com/,4448,0,2079
1682941967935,6178,HTTP Request,200,OK,Thread Group 1-204,text,true,,124610,119,364,364,https://www.w3schools.com/,3993,0,2596
1682941966733,7384,HTTP Request,200,OK,Thread Group 1-145,text,true,,124610,119,363,363,https://www.w3schools.com/,2599,0,1419
1682941964047,10127,HTTP Request,200,OK,Thread Group 1-3,text,true,,124610,119,362,362,https://www.w3schools.com/,4716,0,2141
1682941964433,9757,HTTP Request,200,OK,Thread Group 1-30,text,true,,124610,119,361,361,https://www.w3schools.com/,5295,0,1965
1682941965935,8255,HTTP Request,200,OK,Thread Group 1-105,text,true,,124610,119,361,361,https://www.w3schools.com/,3555,0,2495
1682941964194,10006,HTTP Request,200,OK,Thread Group 1-18,text,true,,124610,119,359,359,https://www.w3schools.com/,3674,0,1951
1682941965226,9068,HTTP Request,200,OK,Thread Group 1-69,text,true,,124610,119,358,358,https://www.w3schools.com/,4181,0,3084
1682941964253,10130,HTTP Request,200,OK,Thread Group 1-21,text,true,,124610,119,357,357,https://www.w3schools.com/,6776,0,3450
1682941967610,6781,HTTP Request,200,OK,Thread Group 1-188,text,true,,124610,119,356,356,https://www.w3schools.com/,4852,0,1852
1682941965054,9455,HTTP Request,200,OK,Thread Group 1-61,text,true,,124610,119,355,355,https://www.w3schools.com/,6380,0,2923
1682941967477,7051,HTTP Request,200,OK,Thread Group 1-181,text,true,,124610,119,354,354,https://www.w3schools.com/,5248,0,3820
1682941967781,6794,HTTP Request,200,OK,Thread Group 1-197,text,true,,124610,119,353,353,https://www.w3schools.com/,3753,0,2263
1682941968662,5996,HTTP Request,200,OK,Thread Group 1-239,text,true,,124610,119,352,352,https://www.w3schools.com/,4130,0,2836
1682941967631,7159,HTTP Request,200,OK,Thread Group 1-189,text,true,,124610,119,351,351,https://www.w3schools.com/,5260,0,1980
1682941965301,9604,HTTP Request,200,OK,Thread Group 1-72,text,true,,124610,119,350,350,https://www.w3schools.com/,7812,0,6279
1682941965816,9124,HTTP Request,200,OK,Thread Group 1-99,text,true,,124610,119,349,349,https://www.w3schools.com/,7331,0,5784
1682941965516,9447,HTTP Request,200,OK,Thread Group 1-84,text,true,,124610,119,348,348,https://www.w3schools.com/,7606,0,1048
1682941967851,7135,HTTP Request,200,OK,Thread Group 1-200,text,true,,124610,119,347,347,https://www.w3schools.com/,5394,0,2329
1682941965956,9059,HTTP Request,200,OK,Thread Group 1-106,text,true,,124610,119,346,346,https://www.w3schools.com/,7423,0,5955
1682941966656,8473,HTTP Request,200,OK,Thread Group 1-141,text,true,,124610,119,345,345,https://www.w3schools.com/,5539,0,1381
1682941968090,7047,HTTP Request,200,OK,Thread Group 1-212,text,true,,124610,119,344,344,https://www.w3schools.com/,5340,0,2621
1682941967515,7632,HTTP Request,200,OK,Thread Group 1-184,text,true,,124610,119,343,343,https://www.w3schools.com/,5920,0,1914
1682941968047,7194,HTTP Request,200,OK,Thread Group 1-209,text,true,,124610,119,342,342,https://www.w3schools.com/,5437,0,2639
1682941967354,7889,HTTP Request,200,OK,Thread Group 1-176,text,true,,124610,119,341,341,https://www.w3schools.com/,6126,0,1890
1682941967649,7628,HTTP Request,200,OK,Thread Group 1-190,text,true,,124610,119,340,340,https://www.w3schools.com/,5914,0,1981
1682941966753,8624,HTTP Request,200,OK,Thread Group 1-146,text,true,,124610,119,339,339,https://www.w3schools.com/,6878,0,1459
1682941967190,8200,HTTP Request,200,OK,Thread Group 1-166,text,true,,124610,119,338,338,https://www.w3schools.com/,5659,0,3016
1682941967015,8378,HTTP Request,200,OK,Thread Group 1-159,text,true,,124610,119,338,338,https://www.w3schools.com/,5847,0,3285
1682941967215,8223,HTTP Request,200,OK,Thread Group 1-169,text,true,,124610,119,336,336,https://www.w3schools.com/,6707,0,1861
1682941969412,6046,HTTP Request,200,OK,Thread Group 1-278,text,true,,124610,119,335,335,https://www.w3schools.com/,4352,0,3202
1682941967199,8355,HTTP Request,200,OK,Thread Group 1-168,text,true,,124610,119,334,334,https://www.w3schools.com/,5597,0,3081
1682941966261,9500,HTTP Request,200,OK,Thread Group 1-121,text,true,,124610,119,333,333,https://www.w3schools.com/,7697,0,1335
1682941967115,8658,HTTP Request,200,OK,Thread Group 1-164,text,true,,124610,119,332,332,https://www.w3schools.com/,6879,0,3131
1682941968063,7734,HTTP Request,200,OK,Thread Group 1-211,text,true,,124610,119,331,331,https://www.w3schools.com/,6148,0,2611
1682941967498,8324,HTTP Request,200,OK,Thread Group 1-183,text,true,,124610,119,330,330,https://www.w3schools.com/,6547,0,3847
1682941966596,9310,HTTP Request,200,OK,Thread Group 1-138,text,true,,124610,119,329,329,https://www.w3schools.com/,6620,0,1445
1682941967396,8588,HTTP Request,200,OK,Thread Group 1-178,text,true,,124610,119,328,328,https://www.w3schools.com/,6930,0,1936
1682941967437,8589,HTTP Request,200,OK,Thread Group 1-180,text,true,,124610,119,327,327,https://www.w3schools.com/,6956,0,1951
1682941967313,8802,HTTP Request,200,OK,Thread Group 1-171,text,true,,124610,119,326,326,https://www.w3schools.com/,6891,0,3525
1682941968014,8120,HTTP Request,200,OK,Thread Group 1-208,text,true,,124610,119,325,325,https://www.w3schools.com/,5459,0,2621
1682941966314,9916,HTTP Request,200,OK,Thread Group 1-124,text,true,,124610,119,324,324,https://www.w3schools.com/,8107,0,4549
1682941967425,8815,HTTP Request,200,OK,Thread Group 1-179,text,true,,124610,119,323,323,https://www.w3schools.com/,6990,0,1924
1682941967484,8819,HTTP Request,200,OK,Thread Group 1-182,text,true,,124610,119,322,322,https://www.w3schools.com/,6961,0,3718
1682941969365,6942,HTTP Request,200,OK,Thread Group 1-275,text,true,,124610,119,322,322,https://www.w3schools.com/,5097,0,4127
1682941969060,7415,HTTP Request,200,OK,Thread Group 1-260,text,true,,124610,119,320,320,https://www.w3schools.com/,5568,0,4566
1682941967544,9022,HTTP Request,200,OK,Thread Group 1-185,text,true,,124610,119,319,319,https://www.w3schools.com/,6501,0,3841
1682941967079,9581,HTTP Request,200,OK,Thread Group 1-162,text,true,,124610,119,318,318,https://www.w3schools.com/,7842,0,3299
1682941967680,8993,HTTP Request,200,OK,Thread Group 1-192,text,true,,124610,119,317,317,https://www.w3schools.com/,7080,0,2104
1682941966812,10134,HTTP Request,200,OK,Thread Group 1-149,text,true,,124610,119,316,316,https://www.w3schools.com/,8131,0,6022
1682941968000,9084,HTTP Request,200,OK,Thread Group 1-207,text,true,,124610,119,315,315,https://www.w3schools.com/,6985,0,2621
1682941968183,9266,HTTP Request,200,OK,Thread Group 1-217,text,true,,124610,119,314,314,https://www.w3schools.com/,7086,0,6061
1682941970209,7258,HTTP Request,200,OK,Thread Group 1-318,text,true,,124610,119,313,313,https://www.w3schools.com/,5084,0,3921
1682941970280,7214,HTTP Request,200,OK,Thread Group 1-321,text,true,,124610,119,312,312,https://www.w3schools.com/,4163,0,3178
1682941968479,9450,HTTP Request,200,OK,Thread Group 1-232,text,true,,124610,119,311,311,https://www.w3schools.com/,7046,0,4270
1682941967858,10087,HTTP Request,200,OK,Thread Group 1-201,text,true,,124610,119,310,310,https://www.w3schools.com/,7682,0,3206
1682941969750,8241,HTTP Request,200,OK,Thread Group 1-295,text,true,,124610,119,309,309,https://www.w3schools.com/,4929,0,3200
1682941968813,9243,HTTP Request,200,OK,Thread Group 1-247,text,true,,124610,119,308,308,https://www.w3schools.com/,6797,0,2858
1682941968807,9329,HTTP Request,200,OK,Thread Group 1-246,text,true,,124610,119,307,307,https://www.w3schools.com/,6105,0,2886
1682941968557,9754,HTTP Request,200,OK,Thread Group 1-235,text,true,,124610,119,306,306,https://www.w3schools.com/,7150,0,4238
1682941966876,11494,HTTP Request,200,OK,Thread Group 1-152,text,true,,124610,119,305,305,https://www.w3schools.com/,7950,0,3487
1682941967035,11354,HTTP Request,200,OK,Thread Group 1-160,text,true,,124610,119,304,304,https://www.w3schools.com/,7855,0,3314
1682941967566,11004,HTTP Request,200,OK,Thread Group 1-186,text,true,,124610,119,303,303,https://www.w3schools.com/,8274,0,3763
1682941970112,8461,HTTP Request,200,OK,Thread Group 1-312,text,true,,124610,119,302,302,https://www.w3schools.com/,5746,0,4671
1682941971197,7514,HTTP Request,200,OK,Thread Group 1-366,text,true,,124610,119,301,301,https://www.w3schools.com/,4711,0,3631
1682941968136,10656,HTTP Request,200,OK,Thread Group 1-215,text,true,,124610,119,300,300,https://www.w3schools.com/,7793,0,2677
1682941970347,8516,HTTP Request,200,OK,Thread Group 1-324,text,true,,124610,119,299,299,https://www.w3schools.com/,4702,0,3116
1682941970364,8648,HTTP Request,200,OK,Thread Group 1-325,text,true,,124610,119,298,298,https://www.w3schools.com/,4702,0,3140
1682941971247,7784,HTTP Request,200,OK,Thread Group 1-369,text,true,,124610,119,297,297,https://www.w3schools.com/,3833,0,2864
1682941969433,9783,HTTP Request,200,OK,Thread Group 1-279,text,true,,124610,119,296,296,https://www.w3schools.com/,5934,0,3263
1682941970263,8979,HTTP Request,200,OK,Thread Group 1-320,text,true,,124610,119,295,295,https://www.w3schools.com/,4950,0,3118
1682941968765,10558,HTTP Request,200,OK,Thread Group 1-245,text,true,,124610,119,294,294,https://www.w3schools.com/,7401,0,6365
1682941965915,13731,HTTP Request,200,OK,Thread Group 1-104,text,true,,124610,119,293,293,https://www.w3schools.com/,10441,0,5898
1682941968926,10758,HTTP Request,200,OK,Thread Group 1-253,text,true,,124610,119,292,292,https://www.w3schools.com/,7448,0,3320
1682941970429,9328,HTTP Request,200,OK,Thread Group 1-328,text,true,,124610,119,291,291,https://www.w3schools.com/,5046,0,4069
1682941970979,8782,HTTP Request,200,OK,Thread Group 1-355,text,true,,124610,119,290,290,https://www.w3schools.com/,5137,0,2864
1682941970693,9113,HTTP Request,200,OK,Thread Group 1-342,text,true,,124610,119,289,289,https://www.w3schools.com/,5750,0,4667
1682941968401,11413,HTTP Request,200,OK,Thread Group 1-227,text,true,,124610,119,288,288,https://www.w3schools.com/,7088,0,4311
1682941971614,8340,HTTP Request,200,OK,Thread Group 1-387,text,true,,124610,119,287,287,https://www.w3schools.com/,3950,0,2914
1682941972062,8122,HTTP Request,200,OK,Thread Group 1-410,text,true,,124610,119,286,286,https://www.w3schools.com/,4617,0,3502
1682941971150,9062,HTTP Request,200,OK,Thread Group 1-364,text,true,,124610,119,285,285,https://www.w3schools.com/,5590,0,3595
1682941972083,8176,HTTP Request,200,OK,Thread Group 1-411,text,true,,124610,119,284,284,https://www.w3schools.com/,4714,0,3584
1682941971172,9252,HTTP Request,200,OK,Thread Group 1-365,text,true,,124610,119,283,283,https://www.w3schools.com/,5858,0,3595
1682941972049,8515,HTTP Request,200,OK,Thread Group 1-409,text,true,,124610,119,282,282,https://www.w3schools.com/,5005,0,3715
1682941969092,11477,HTTP Request,200,OK,Thread Group 1-261,text,true,,124610,119,281,281,https://www.w3schools.com/,7861,0,3320
1682941969075,11511,HTTP Request,200,OK,Thread Group 1-258,text,true,,124610,119,280,280,https://www.w3schools.com/,7855,0,3345
1682941969076,11516,HTTP Request,200,OK,Thread Group 1-262,text,true,,124610,119,279,279,https://www.w3schools.com/,7891,0,3344
1682941968051,12579,HTTP Request,200,OK,Thread Group 1-210,text,true,,124610,119,278,278,https://www.w3schools.com/,9056,0,2634
1682941972463,8392,HTTP Request,200,OK,Thread Group 1-430,text,true,,124610,119,277,277,https://www.w3schools.com/,4672,0,3467
1682941972184,8838,HTTP Request,200,OK,Thread Group 1-416,text,true,,124610,119,276,276,https://www.w3schools.com/,5074,0,3810
1682941971392,9734,HTTP Request,200,OK,Thread Group 1-376,text,true,,124610,119,275,275,https://www.w3schools.com/,5954,0,4605
1682941971267,9913,HTTP Request,200,OK,Thread Group 1-370,text,true,,124610,119,274,274,https://www.w3schools.com/,4835,0,2892
1682941972763,8517,HTTP Request,200,OK,Thread Group 1-444,text,true,,124610,119,273,273,https://www.w3schools.com/,4565,0,2415
1682941973681,7734,HTTP Request,200,OK,Thread Group 1-489,text,true,,124610,119,272,272,https://www.w3schools.com/,3741,0,2376
1682941973704,7812,HTTP Request,200,OK,Thread Group 1-490,text,true,,124610,119,271,271,https://www.w3schools.com/,3726,0,2372
1682941965433,16106,HTTP Request,200,OK,Thread Group 1-80,text,true,,124610,119,270,270,https://www.w3schools.com/,10942,0,2311
1682941972746,8827,HTTP Request,200,OK,Thread Group 1-443,text,true,,124610,119,269,269,https://www.w3schools.com/,4780,0,3451
1682941973756,7820,HTTP Request,200,OK,Thread Group 1-493,text,true,,124610,119,268,268,https://www.w3schools.com/,3770,0,2421
1682941970849,10783,HTTP Request,200,OK,Thread Group 1-350,text,true,,124610,119,267,267,https://www.w3schools.com/,6694,0,4410
1682941972811,8858,HTTP Request,200,OK,Thread Group 1-446,text,true,,124610,119,266,266,https://www.w3schools.com/,3536,0,2463
1682941970689,11041,HTTP Request,200,OK,Thread Group 1-341,text,true,,124610,119,265,265,https://www.w3schools.com/,6934,0,5557
1682941973796,8051,HTTP Request,200,OK,Thread Group 1-494,text,true,,124610,119,264,264,https://www.w3schools.com/,3867,0,2484
1682941969811,12084,HTTP Request,200,OK,Thread Group 1-298,text,true,,124610,119,263,263,https://www.w3schools.com/,7890,0,5620
1682941970717,11194,HTTP Request,200,OK,Thread Group 1-343,text,true,,124610,119,262,262,https://www.w3schools.com/,5687,0,4627
1682941969159,12752,HTTP Request,200,OK,Thread Group 1-265,text,true,,124610,119,262,262,https://www.w3schools.com/,7246,0,3775
1682941970746,11234,HTTP Request,200,OK,Thread Group 1-344,text,true,,124610,119,260,260,https://www.w3schools.com/,7142,0,5631
1682941972847,9253,HTTP Request,200,OK,Thread Group 1-448,text,true,,124610,119,259,259,https://www.w3schools.com/,5108,0,3564
1682941969591,12540,HTTP Request,200,OK,Thread Group 1-287,text,true,,124610,119,258,258,https://www.w3schools.com/,8383,0,3924
1682941973006,9197,HTTP Request,200,OK,Thread Group 1-458,text,true,,124610,119,257,257,https://www.w3schools.com/,5203,0,3523
1682941973434,8841,HTTP Request,200,OK,Thread Group 1-477,text,true,,124610,119,256,256,https://www.w3schools.com/,4804,0,2312
1682941973082,9239,HTTP Request,200,OK,Thread Group 1-460,text,true,,124610,119,255,255,https://www.w3schools.com/,5281,0,3516
1682941972417,9995,HTTP Request,200,OK,Thread Group 1-427,text,true,,124610,119,254,254,https://www.w3schools.com/,4402,0,3290
1682941969332,13149,HTTP Request,200,OK,Thread Group 1-274,text,true,,124610,119,253,253,https://www.w3schools.com/,7496,0,3201
1682941972329,10231,HTTP Request,200,OK,Thread Group 1-423,text,true,,124610,119,252,252,https://www.w3schools.com/,6228,0,3399
1682941965281,17300,HTTP Request,200,OK,Thread Group 1-71,text,true,,124610,119,251,251,https://www.w3schools.com/,13286,0,11462
1682941972111,10498,HTTP Request,200,OK,Thread Group 1-412,text,true,,124610,119,250,250,https://www.w3schools.com/,6470,0,4661
1682941970630,12109,HTTP Request,200,OK,Thread Group 1-339,text,true,,124610,119,249,249,https://www.w3schools.com/,8046,0,5598
1682941973301,9465,HTTP Request,200,OK,Thread Group 1-470,text,true,,124610,119,248,248,https://www.w3schools.com/,5426,0,3560
1682941973162,9623,HTTP Request,200,OK,Thread Group 1-463,text,true,,124610,119,247,247,https://www.w3schools.com/,5582,0,2494
1682941967750,15035,HTTP Request,200,OK,Thread Group 1-195,text,true,,124610,119,247,247,https://www.w3schools.com/,9274,0,4712
1682941973394,9411,HTTP Request,200,OK,Thread Group 1-475,text,true,,124610,119,245,245,https://www.w3schools.com/,5380,0,3502
1682941971601,11229,HTTP Request,200,OK,Thread Group 1-388,text,true,,124610,119,244,244,https://www.w3schools.com/,7192,0,2862
1682941973309,9562,HTTP Request,200,OK,Thread Group 1-471,text,true,,124610,119,243,243,https://www.w3schools.com/,5494,0,3656
1682941969531,13340,HTTP Request,200,OK,Thread Group 1-284,text,true,,124610,119,243,243,https://www.w3schools.com/,7559,0,4516
1682941969214,13660,HTTP Request,200,OK,Thread Group 1-268,text,true,,124610,119,241,241,https://www.w3schools.com/,7887,0,6631
1682941969662,13235,HTTP Request,200,OK,Thread Group 1-290,text,true,,124610,119,240,240,https://www.w3schools.com/,9131,0,5186
1682941971429,11484,HTTP Request,200,OK,Thread Group 1-378,text,true,,124610,119,239,239,https://www.w3schools.com/,5690,0,4481
1682941969373,13546,HTTP Request,200,OK,Thread Group 1-276,text,true,,124610,119,238,238,https://www.w3schools.com/,9531,0,4597
1682941969094,13989,HTTP Request,200,OK,Thread Group 1-259,text,true,,124610,119,237,237,https://www.w3schools.com/,8077,0,3808
1682941969133,13972,HTTP Request,200,OK,Thread Group 1-264,text,true,,124610,119,236,236,https://www.w3schools.com/,8063,0,3788
1682941973533,9595,HTTP Request,200,OK,Thread Group 1-482,text,true,,124610,119,235,235,https://www.w3schools.com/,5488,0,3593
1682941969095,14033,HTTP Request,200,OK,Thread Group 1-263,text,true,,124610,119,235,235,https://www.w3schools.com/,8101,0,3835
1682941973596,9571,HTTP Request,200,OK,Thread Group 1-485,text,true,,124610,119,233,233,https://www.w3schools.com/,5438,0,3566
1682941971197,12143,HTTP Request,200,OK,Thread Group 1-368,text,true,,124610,119,232,232,https://www.w3schools.com/,7948,0,3612
1682941966976,16376,HTTP Request,200,OK,Thread Group 1-157,text,true,,124610,119,231,231,https://www.w3schools.com/,4971,0,3356
1682941971665,11698,HTTP Request,200,OK,Thread Group 1-390,text,true,,124610,119,230,230,https://www.w3schools.com/,7501,0,5562
1682941972699,10691,HTTP Request,200,OK,Thread Group 1-441,text,true,,124610,119,229,229,https://www.w3schools.com/,6509,0,4585
1682941970932,12539,HTTP Request,200,OK,Thread Group 1-354,text,true,,124610,119,228,228,https://www.w3schools.com/,8329,0,5686
1682941971462,12027,HTTP Request,200,OK,Thread Group 1-381,text,true,,124610,119,227,227,https://www.w3schools.com/,7848,0,5851
1682941970560,12936,HTTP Request,200,OK,Thread Group 1-334,text,true,,124610,119,226,226,https://www.w3schools.com/,8541,0,4408
1682941972683,10814,HTTP Request,200,OK,Thread Group 1-440,text,true,,124610,119,225,225,https://www.w3schools.com/,6603,0,4622
1682941966714,16944,HTTP Request,200,OK,Thread Group 1-144,text,true,,124610,119,224,224,https://www.w3schools.com/,10844,0,6850
1682941968643,15069,HTTP Request,200,OK,Thread Group 1-240,text,true,,124610,119,223,223,https://www.w3schools.com/,8930,0,5782
1682941969574,14154,HTTP Request,200,OK,Thread Group 1-286,text,true,,124610,119,222,222,https://www.w3schools.com/,8027,0,3930
1682941973798,9958,HTTP Request,200,OK,Thread Group 1-495,text,true,,124610,119,221,221,https://www.w3schools.com/,5773,0,3793
1682941973828,9933,HTTP Request,200,OK,Thread Group 1-497,text,true,,124610,119,220,220,https://www.w3schools.com/,5753,0,3768
1682941970898,12907,HTTP Request,200,OK,Thread Group 1-349,text,true,,124610,119,219,219,https://www.w3schools.com/,8717,0,6711
1682941968327,15595,HTTP Request,200,OK,Thread Group 1-224,text,true,,124610,119,218,218,https://www.w3schools.com/,11216,0,4369
1682941971069,12895,HTTP Request,200,OK,Thread Group 1-360,text,true,,124610,119,217,217,https://www.w3schools.com/,6704,0,4505
1682941973266,10718,HTTP Request,200,OK,Thread Group 1-467,text,true,,124610,119,216,216,https://www.w3schools.com/,6522,0,3577
1682941971810,12321,HTTP Request,200,OK,Thread Group 1-397,text,true,,124610,119,215,215,https://www.w3schools.com/,8058,0,6078
1682941968569,15602,HTTP Request,200,OK,Thread Group 1-236,text,true,,124610,119,214,214,https://www.w3schools.com/,11283,0,4370
1682941971574,12612,HTTP Request,200,OK,Thread Group 1-385,text,true,,124610,119,213,213,https://www.w3schools.com/,6347,0,4807
1682941972904,11287,HTTP Request,200,OK,Thread Group 1-451,text,true,,124610,119,212,212,https://www.w3schools.com/,5031,0,3492
1682941968199,15995,HTTP Request,200,OK,Thread Group 1-218,text,true,,124610,119,211,211,https://www.w3schools.com/,11765,0,9756
1682941967095,17101,HTTP Request,200,OK,Thread Group 1-163,text,true,,124610,119,210,210,https://www.w3schools.com/,10897,0,9348
1682941973452,10914,HTTP Request,200,OK,Thread Group 1-478,text,true,,124610,119,209,209,https://www.w3schools.com/,6745,0,2357
1682941972241,12251,HTTP Request,200,OK,Thread Group 1-419,text,true,,124610,119,208,208,https://www.w3schools.com/,8042,0,6086
1682941970931,13561,HTTP Request,200,OK,Thread Group 1-353,text,true,,124610,119,208,208,https://www.w3schools.com/,7534,0,5745
1682941971550,12945,HTTP Request,200,OK,Thread Group 1-384,text,true,,124610,119,206,206,https://www.w3schools.com/,6900,0,4246
1682941973267,11248,HTTP Request,200,OK,Thread Group 1-469,text,true,,124610,119,205,205,https://www.w3schools.com/,7078,0,5161
1682941972026,12502,HTTP Request,200,OK,Thread Group 1-408,text,true,,124610,119,204,204,https://www.w3schools.com/,8340,0,6425
1682941971589,12950,HTTP Request,200,OK,Thread Group 1-386,text,true,,124610,119,203,203,https://www.w3schools.com/,4966,0,2846
1682941969451,15109,HTTP Request,200,OK,Thread Group 1-280,text,true,,124610,119,202,202,https://www.w3schools.com/,9081,0,7245
1682941968223,16418,HTTP Request,200,OK,Thread Group 1-219,text,true,,124610,119,201,201,https://www.w3schools.com/,12302,0,10356
1682941968263,16391,HTTP Request,200,OK,Thread Group 1-221,text,true,,124610,119,200,200,https://www.w3schools.com/,12278,0,10319
1682941970551,14175,HTTP Request,200,OK,Thread Group 1-335,text,true,,124610,119,199,199,https://www.w3schools.com/,8231,0,4292
1682941973492,11287,HTTP Request,200,OK,Thread Group 1-480,text,true,,124610,119,198,198,https://www.w3schools.com/,7390,0,5173
1682941972480,12361,HTTP Request,200,OK,Thread Group 1-431,text,true,,124610,119,197,197,https://www.w3schools.com/,8443,0,6305
1682941972511,12365,HTTP Request,200,OK,Thread Group 1-432,text,true,,124610,119,196,196,https://www.w3schools.com/,8429,0,6292
1682941969479,15483,HTTP Request,200,OK,Thread Group 1-281,text,true,,124610,119,195,195,https://www.w3schools.com/,9596,0,4538
1682941971452,13592,HTTP Request,200,OK,Thread Group 1-379,text,true,,124610,119,194,194,https://www.w3schools.com/,9688,0,7526
1682941970795,14276,HTTP Request,200,OK,Thread Group 1-347,text,true,,124610,119,193,193,https://www.w3schools.com/,10375,0,8216
1682941970831,14250,HTTP Request,200,OK,Thread Group 1-348,text,true,,124610,119,192,192,https://www.w3schools.com/,10352,0,8200
1682941973497,11596,HTTP Request,200,OK,Thread Group 1-479,text,true,,124610,119,191,191,https://www.w3schools.com/,7699,0,5551
1682941972535,12604,HTTP Request,200,OK,Thread Group 1-433,text,true,,124610,119,190,190,https://www.w3schools.com/,4971,0,3626
1682941971744,13495,HTTP Request,200,OK,Thread Group 1-394,text,true,,124610,119,189,189,https://www.w3schools.com/,9679,0,7539
1682941971791,13482,HTTP Request,200,OK,Thread Group 1-396,text,true,,124610,119,188,188,https://www.w3schools.com/,9651,0,7521
1682941965757,19554,HTTP Request,200,OK,Thread Group 1-96,text,true,,124610,119,187,187,https://www.w3schools.com/,4908,0,1081
1682941970446,14867,HTTP Request,200,OK,Thread Group 1-329,text,true,,124610,119,186,186,https://www.w3schools.com/,9438,0,4966
1682941972783,12562,HTTP Request,200,OK,Thread Group 1-445,text,true,,124610,119,185,185,https://www.w3schools.com/,6629,0,2428
1682941973714,11634,HTTP Request,200,OK,Thread Group 1-491,text,true,,124610,119,184,184,https://www.w3schools.com/,7880,0,2389
1682941972349,13078,HTTP Request,200,OK,Thread Group 1-424,text,true,,124610,119,183,183,https://www.w3schools.com/,9310,0,3679
1682941973729,11748,HTTP Request,200,OK,Thread Group 1-492,text,true,,124610,119,182,182,https://www.w3schools.com/,8004,0,2393
1682941973182,12368,HTTP Request,200,OK,Thread Group 1-465,text,true,,124610,119,181,181,https://www.w3schools.com/,8612,0,6373
1682941971130,14425,HTTP Request,200,OK,Thread Group 1-363,text,true,,124610,119,180,180,https://www.w3schools.com/,8499,0,5696
1682941973625,11947,HTTP Request,200,OK,Thread Group 1-487,text,true,,124610,119,179,179,https://www.w3schools.com/,8190,0,5937
1682941968466,17211,HTTP Request,200,OK,Thread Group 1-231,text,true,,124610,119,178,178,https://www.w3schools.com/,13406,0,7464
1682941973846,12015,HTTP Request,200,OK,Thread Group 1-498,text,true,,124610,119,177,177,https://www.w3schools.com/,8311,0,3668
1682941973102,12761,HTTP Request,200,OK,Thread Group 1-461,text,true,,124610,119,176,176,https://www.w3schools.com/,3480,0,2374
1682941967315,18594,HTTP Request,200,OK,Thread Group 1-174,text,true,,124610,119,175,175,https://www.w3schools.com/,12820,0,8270
1682941973010,12906,HTTP Request,200,OK,Thread Group 1-456,text,true,,124610,119,174,174,https://www.w3schools.com/,5132,0,3504
1682941966994,18959,HTTP Request,200,OK,Thread Group 1-158,text,true,,124610,119,173,173,https://www.w3schools.com/,15229,0,9831
1682941969247,16723,HTTP Request,200,OK,Thread Group 1-270,text,true,,124610,119,172,172,https://www.w3schools.com/,13012,0,10863
1682941968447,17544,HTTP Request,200,OK,Thread Group 1-230,text,true,,124610,119,171,171,https://www.w3schools.com/,13833,0,8228
1682941968663,17385,HTTP Request,200,OK,Thread Group 1-241,text,true,,124610,119,170,170,https://www.w3schools.com/,13635,0,7712
1682941968435,17642,HTTP Request,200,OK,Thread Group 1-229,text,true,,124610,119,169,169,https://www.w3schools.com/,13886,0,8356
1682941969733,16487,HTTP Request,200,OK,Thread Group 1-294,text,true,,124610,119,168,168,https://www.w3schools.com/,10595,0,4851
1682941969396,16899,HTTP Request,200,OK,Thread Group 1-277,text,true,,124610,119,167,167,https://www.w3schools.com/,13102,0,10869
1682941973267,13068,HTTP Request,200,OK,Thread Group 1-468,text,true,,124610,119,166,166,https://www.w3schools.com/,9255,0,7020
1682941973344,12999,HTTP Request,200,OK,Thread Group 1-473,text,true,,124610,119,165,165,https://www.w3schools.com/,9198,0,6964
1682941966336,20086,HTTP Request,200,OK,Thread Group 1-125,text,true,,124610,119,164,164,https://www.w3schools.com/,16327,0,14184
1682941971892,14644,HTTP Request,200,OK,Thread Group 1-401,text,true,,124610,119,163,163,https://www.w3schools.com/,10948,0,5051
1682941971932,14649,HTTP Request,200,OK,Thread Group 1-403,text,true,,124610,119,162,162,https://www.w3schools.com/,8967,0,6750
1682941973156,13471,HTTP Request,200,OK,Thread Group 1-462,text,true,,124610,119,161,161,https://www.w3schools.com/,7750,0,5627
1682941973611,13027,HTTP Request,200,OK,Thread Group 1-486,text,true,,124610,119,160,160,https://www.w3schools.com/,9394,0,7272
1682941965301,21366,HTTP Request,200,OK,Thread Group 1-73,text,true,,124610,119,159,159,https://www.w3schools.com/,17788,0,15661
1682941968930,17791,HTTP Request,200,OK,Thread Group 1-254,text,true,,124610,119,158,158,https://www.w3schools.com/,14242,0,12180
1682941971348,15457,HTTP Request,200,OK,Thread Group 1-374,text,true,,124610,119,157,157,https://www.w3schools.com/,11840,0,5849
1682941971348,15476,HTTP Request,200,OK,Thread Group 1-375,text,true,,124610,119,156,156,https://www.w3schools.com/,11865,0,5849
1682941973380,13472,HTTP Request,200,OK,Thread Group 1-474,text,true,,124610,119,155,155,https://www.w3schools.com/,9944,0,6965
1682941973329,13544,HTTP Request,200,OK,Thread Group 1-472,text,true,,124610,119,154,154,https://www.w3schools.com/,10042,0,6982
1682941971014,15895,HTTP Request,200,OK,Thread Group 1-357,text,true,,124610,119,153,153,https://www.w3schools.com/,12366,0,6260
1682941970069,16861,HTTP Request,200,OK,Thread Group 1-311,text,true,,124610,119,152,152,https://www.w3schools.com/,11248,0,5931
1682941972266,14751,HTTP Request,200,OK,Thread Group 1-420,text,true,,124610,119,151,151,https://www.w3schools.com/,11319,0,4524
1682941968877,18156,HTTP Request,200,OK,Thread Group 1-251,text,true,,124610,119,150,150,https://www.w3schools.com/,12681,0,7430
1682941969610,17504,HTTP Request,200,OK,Thread Group 1-288,text,true,,124610,119,149,149,https://www.w3schools.com/,14059,0,12024
1682941969634,17500,HTTP Request,200,OK,Thread Group 1-289,text,true,,124610,119,148,148,https://www.w3schools.com/,14068,0,12021
1682941970397,16778,HTTP Request,200,OK,Thread Group 1-327,text,true,,124610,119,147,147,https://www.w3schools.com/,13420,0,11359
1682941970365,16815,HTTP Request,200,OK,Thread Group 1-326,text,true,,124610,119,146,146,https://www.w3schools.com/,13443,0,11379
1682941968407,18829,HTTP Request,200,OK,Thread Group 1-228,text,true,,124610,119,145,145,https://www.w3schools.com/,13460,0,7969
1682941968497,18760,HTTP Request,200,OK,Thread Group 1-233,text,true,,124610,119,144,144,https://www.w3schools.com/,13374,0,5097
1682941970181,17082,HTTP Request,200,OK,Thread Group 1-315,text,true,,124610,119,143,143,https://www.w3schools.com/,13746,0,6768
1682941972626,14740,HTTP Request,200,OK,Thread Group 1-438,text,true,,124610,119,142,142,https://www.w3schools.com/,11364,0,5166
1682941968308,19147,HTTP Request,200,OK,Thread Group 1-223,text,true,,124610,119,141,141,https://www.w3schools.com/,15723,0,9600
1682941967930,19568,HTTP Request,200,OK,Thread Group 1-203,text,true,,124610,119,140,140,https://www.w3schools.com/,10012,0,5720
1682941972293,15214,HTTP Request,200,OK,Thread Group 1-421,text,true,,124610,119,139,139,https://www.w3schools.com/,5718,0,4154
1682941969833,17687,HTTP Request,200,OK,Thread Group 1-299,text,true,,124610,119,138,138,https://www.w3schools.com/,8201,0,6644
1682941969015,18518,HTTP Request,200,OK,Thread Group 1-257,text,true,,124610,119,137,137,https://www.w3schools.com/,9162,0,4890
1682941965004,22642,HTTP Request,200,OK,Thread Group 1-56,text,true,,124610,119,136,136,https://www.w3schools.com/,19367,0,16938
1682941968822,18840,HTTP Request,200,OK,Thread Group 1-249,text,true,,124610,119,135,135,https://www.w3schools.com/,13479,0,7760
1682941973884,13814,HTTP Request,200,OK,Thread Group 1-500,text,true,,124610,119,134,134,https://www.w3schools.com/,10574,0,8261
1682941973569,14130,HTTP Request,200,OK,Thread Group 1-484,text,true,,124610,119,133,133,https://www.w3schools.com/,10904,0,8590
1682941973813,13887,HTTP Request,200,OK,Thread Group 1-496,text,true,,124610,119,133,133,https://www.w3schools.com/,10627,0,8330
1682941965338,22394,HTTP Request,200,OK,Thread Group 1-75,text,true,,124610,119,131,131,https://www.w3schools.com/,19158,0,16991
1682941969977,17783,HTTP Request,200,OK,Thread Group 1-306,text,true,,124610,119,130,130,https://www.w3schools.com/,14544,0,12431
1682941970046,17747,HTTP Request,200,OK,Thread Group 1-309,text,true,,124610,119,129,129,https://www.w3schools.com/,14489,0,12367
1682941971868,15978,HTTP Request,200,OK,Thread Group 1-400,text,true,,124610,119,128,128,https://www.w3schools.com/,4749,0,3639
1682941971765,16106,HTTP Request,200,OK,Thread Group 1-395,text,true,,124610,119,127,127,https://www.w3schools.com/,10809,0,8641
1682941970666,17272,HTTP Request,200,OK,Thread Group 1-340,text,true,,124610,119,126,126,https://www.w3schools.com/,12051,0,7257
1682941970766,17218,HTTP Request,200,OK,Thread Group 1-345,text,true,,124610,119,125,125,https://www.w3schools.com/,12025,0,6142
1682941966914,21100,HTTP Request,200,OK,Thread Group 1-154,text,true,,124610,119,124,124,https://www.w3schools.com/,14208,0,9161
1682941971682,16480,HTTP Request,200,OK,Thread Group 1-391,text,true,,124610,119,123,123,https://www.w3schools.com/,13261,0,11428
1682941970015,18208,HTTP Request,200,OK,Thread Group 1-308,text,true,,124610,119,122,122,https://www.w3schools.com/,14992,0,13161
1682941972161,16214,HTTP Request,200,OK,Thread Group 1-415,text,true,,124610,119,121,121,https://www.w3schools.com/,13085,0,11288
1682941967576,20856,HTTP Request,200,OK,Thread Group 1-187,text,true,,124610,119,120,120,https://www.w3schools.com/,14421,0,8900
1682941970208,18270,HTTP Request,200,OK,Thread Group 1-317,text,true,,124610,119,119,119,https://www.w3schools.com/,15147,0,9199
1682941969910,18570,HTTP Request,200,OK,Thread Group 1-303,text,true,,124610,119,118,118,https://www.w3schools.com/,13739,0,7601
1682941970608,17880,HTTP Request,200,OK,Thread Group 1-337,text,true,,124610,119,117,117,https://www.w3schools.com/,13051,0,4970
1682941969791,18703,HTTP Request,200,OK,Thread Group 1-297,text,true,,124610,119,116,116,https://www.w3schools.com/,13277,0,11149
1682941971468,17111,HTTP Request,200,OK,Thread Group 1-380,text,true,,124610,119,115,115,https://www.w3schools.com/,14104,0,7348
1682941969237,19342,HTTP Request,200,OK,Thread Group 1-269,text,true,,124610,119,115,115,https://www.w3schools.com/,14472,0,8271
1682941972925,15722,HTTP Request,200,OK,Thread Group 1-452,text,true,,124610,119,113,113,https://www.w3schools.com/,12662,0,6753
1682941972943,15738,HTTP Request,200,OK,Thread Group 1-453,text,true,,124610,119,112,112,https://www.w3schools.com/,12748,0,6766
1682941969312,19400,HTTP Request,200,OK,Thread Group 1-273,text,true,,124610,119,111,111,https://www.w3schools.com/,14672,0,8480
1682941967760,20951,HTTP Request,200,OK,Thread Group 1-196,text,true,,124610,119,111,111,https://www.w3schools.com/,16214,0,8206
1682941971650,17122,HTTP Request,200,OK,Thread Group 1-389,text,true,,124610,119,109,109,https://www.w3schools.com/,14093,0,8181
1682941971214,17607,HTTP Request,200,OK,Thread Group 1-367,text,true,,124610,119,108,108,https://www.w3schools.com/,14585,0,8644
1682941972001,16842,HTTP Request,200,OK,Thread Group 1-407,text,true,,124610,119,107,107,https://www.w3schools.com/,13808,0,7911
1682941972554,16326,HTTP Request,200,OK,Thread Group 1-434,text,true,,124610,119,106,106,https://www.w3schools.com/,13335,0,11402
1682941972433,16460,HTTP Request,200,OK,Thread Group 1-428,text,true,,124610,119,105,105,https://www.w3schools.com/,13493,0,11546
1682941972447,16455,HTTP Request,200,OK,Thread Group 1-429,text,true,,124610,119,104,104,https://www.w3schools.com/,13495,0,11534
1682941973210,15715,HTTP Request,200,OK,Thread Group 1-466,text,true,,124610,119,103,103,https://www.w3schools.com/,12748,0,6900
1682941969179,19802,HTTP Request,200,OK,Thread Group 1-267,text,true,,124610,119,102,102,https://www.w3schools.com/,15307,0,9081
1682941971532,17483,HTTP Request,200,OK,Thread Group 1-383,text,true,,124610,119,101,101,https://www.w3schools.com/,12992,0,6900
1682941968546,20496,HTTP Request,200,OK,Thread Group 1-234,text,true,,124610,119,100,100,https://www.w3schools.com/,7162,0,4249
1682941970772,18291,HTTP Request,200,OK,Thread Group 1-346,text,true,,124610,119,99,99,https://www.w3schools.com/,15548,0,9518
1682941972864,16245,HTTP Request,200,OK,Thread Group 1-449,text,true,,124610,119,98,98,https://www.w3schools.com/,13539,0,11679
1682941972981,16137,HTTP Request,200,OK,Thread Group 1-454,text,true,,124610,119,97,97,https://www.w3schools.com/,5108,0,3530
1682941972377,16764,HTTP Request,200,OK,Thread Group 1-425,text,true,,124610,119,96,96,https://www.w3schools.com/,14047,0,8153
1682941970129,19053,HTTP Request,200,OK,Thread Group 1-313,text,true,,124610,119,95,95,https://www.w3schools.com/,14581,0,6949
1682941972219,17006,HTTP Request,200,OK,Thread Group 1-418,text,true,,124610,119,94,94,https://www.w3schools.com/,12543,0,6407
1682941972381,16889,HTTP Request,200,OK,Thread Group 1-426,text,true,,124610,119,93,93,https://www.w3schools.com/,14209,0,12397
1682941973648,15631,HTTP Request,200,OK,Thread Group 1-488,text,true,,124610,119,92,92,https://www.w3schools.com/,12958,0,11148
1682941972734,16622,HTTP Request,200,OK,Thread Group 1-442,text,true,,124610,119,91,91,https://www.w3schools.com/,13997,0,12235
1682941968585,20777,HTTP Request,200,OK,Thread Group 1-237,text,true,,124610,119,90,90,https://www.w3schools.com/,12538,0,6513
1682941973509,15901,HTTP Request,200,OK,Thread Group 1-481,text,true,,124610,119,89,89,https://www.w3schools.com/,13320,0,7687
1682941969928,19525,HTTP Request,200,OK,Thread Group 1-304,text,true,,124610,119,88,88,https://www.w3schools.com/,15247,0,9254
1682941970049,19438,HTTP Request,200,OK,Thread Group 1-310,text,true,,124610,119,87,87,https://www.w3schools.com/,15174,0,5911
1682941972663,16840,HTTP Request,200,OK,Thread Group 1-439,text,true,,124610,119,86,86,https://www.w3schools.com/,12545,0,6577
1682941967317,22321,HTTP Request,200,OK,Thread Group 1-172,text,true,,124610,119,85,85,https://www.w3schools.com/,19831,0,18128
1682941973864,15783,HTTP Request,200,OK,Thread Group 1-499,text,true,,124610,119,84,84,https://www.w3schools.com/,11612,0,5679
1682941972884,16788,HTTP Request,200,OK,Thread Group 1-450,text,true,,124610,119,83,83,https://www.w3schools.com/,12704,0,6778
1682941967988,21738,HTTP Request,200,OK,Thread Group 1-206,text,true,,124610,119,82,82,https://www.w3schools.com/,17708,0,9754
1682941968243,21512,HTTP Request,200,OK,Thread Group 1-220,text,true,,124610,119,81,81,https://www.w3schools.com/,17485,0,11566
1682941966893,23114,HTTP Request,200,OK,Thread Group 1-153,text,true,,124610,119,80,80,https://www.w3schools.com/,19454,0,13532
1682941969873,20323,HTTP Request,200,OK,Thread Group 1-301,text,true,,124610,119,79,79,https://www.w3schools.com/,16697,0,8796
1682941973402,16827,HTTP Request,200,OK,Thread Group 1-476,text,true,,124610,119,78,78,https://www.w3schools.com/,13301,0,7645
1682941969896,20340,HTTP Request,200,OK,Thread Group 1-302,text,true,,124610,119,77,77,https://www.w3schools.com/,9094,0,3856
1682941968606,21671,HTTP Request,200,OK,Thread Group 1-238,text,true,,124610,119,76,76,https://www.w3schools.com/,17363,0,11487
1682941966854,23433,HTTP Request,200,OK,Thread Group 1-151,text,true,,124610,119,75,75,https://www.w3schools.com/,19985,0,14327
1682941966835,23470,HTTP Request,200,OK,Thread Group 1-150,text,true,,124610,119,74,74,https://www.w3schools.com/,20021,0,14380
1682941968122,22278,HTTP Request,200,OK,Thread Group 1-214,text,true,,124610,119,73,73,https://www.w3schools.com/,18095,0,12121
1682941969769,20637,HTTP Request,200,OK,Thread Group 1-296,text,true,,124610,119,72,72,https://www.w3schools.com/,16574,0,10495
1682941970183,20234,HTTP Request,200,OK,Thread Group 1-316,text,true,,124610,119,71,71,https://www.w3schools.com/,16816,0,11281
1682941968345,22100,HTTP Request,200,OK,Thread Group 1-225,text,true,,124610,119,70,70,https://www.w3schools.com/,20066,0,18663
1682941972126,18427,HTTP Request,200,OK,Thread Group 1-413,text,true,,124610,119,69,69,https://www.w3schools.com/,15139,0,9813
1682941968098,22458,HTTP Request,200,OK,Thread Group 1-213,text,true,,124610,119,68,68,https://www.w3schools.com/,15881,0,8192
1682941973068,17567,HTTP Request,200,OK,Thread Group 1-459,text,true,,124610,119,67,67,https://www.w3schools.com/,14373,0,6747
1682941970466,20197,HTTP Request,200,OK,Thread Group 1-331,text,true,,124610,119,66,66,https://www.w3schools.com/,17048,0,11624
1682941970227,20461,HTTP Request,200,OK,Thread Group 1-319,text,true,,124610,119,65,65,https://www.w3schools.com/,14276,0,6352
1682941969709,20994,HTTP Request,200,OK,Thread Group 1-293,text,true,,124610,119,64,64,https://www.w3schools.com/,16488,0,10561
1682941971900,18897,HTTP Request,200,OK,Thread Group 1-402,text,true,,124610,119,63,63,https://www.w3schools.com/,14384,0,8346
1682941969861,20965,HTTP Request,200,OK,Thread Group 1-300,text,true,,124610,119,62,62,https://www.w3schools.com/,16531,0,10523
1682941970127,20750,HTTP Request,200,OK,Thread Group 1-314,text,true,,124610,119,61,61,https://www.w3schools.com/,17824,0,5966
1682941972565,18329,HTTP Request,200,OK,Thread Group 1-435,text,true,,124610,119,60,60,https://www.w3schools.com/,15392,0,8024
1682941971968,18944,HTTP Request,200,OK,Thread Group 1-405,text,true,,124610,119,59,59,https://www.w3schools.com/,15997,0,10786
1682941971947,18990,HTTP Request,200,OK,Thread Group 1-404,text,true,,124610,119,58,58,https://www.w3schools.com/,16056,0,10811
1682941969492,21449,HTTP Request,200,OK,Thread Group 1-282,text,true,,124610,119,57,57,https://www.w3schools.com/,17044,0,11249
1682941971412,19552,HTTP Request,200,OK,Thread Group 1-377,text,true,,124610,119,56,56,https://www.w3schools.com/,16624,0,9445
1682941969690,21288,HTTP Request,200,OK,Thread Group 1-292,text,true,,124610,119,55,55,https://www.w3schools.com/,15217,0,7367
1682941968947,22073,HTTP Request,200,OK,Thread Group 1-255,text,true,,124610,119,54,54,https://www.w3schools.com/,19237,0,14218
1682941970024,21024,HTTP Request,200,OK,Thread Group 1-307,text,true,,124610,119,53,53,https://www.w3schools.com/,19348,0,14999
1682941971287,19802,HTTP Request,200,OK,Thread Group 1-371,text,true,,124610,119,52,52,https://www.w3schools.com/,16378,0,10846
1682941971523,19660,HTTP Request,200,OK,Thread Group 1-382,text,true,,124610,119,51,51,https://www.w3schools.com/,16148,0,10752
1682941972142,19053,HTTP Request,200,OK,Thread Group 1-414,text,true,,124610,119,50,50,https://www.w3schools.com/,14701,0,6922
1682941971035,20163,HTTP Request,200,OK,Thread Group 1-359,text,true,,124610,119,49,49,https://www.w3schools.com/,16623,0,10954
1682941968718,22489,HTTP Request,200,OK,Thread Group 1-243,text,true,,124610,119,48,48,https://www.w3schools.com/,16502,0,8679
1682941969511,21737,HTTP Request,200,OK,Thread Group 1-283,text,true,,124610,119,47,47,https://www.w3schools.com/,18940,0,14095
1682941967914,23401,HTTP Request,200,OK,Thread Group 1-202,text,true,,124610,119,46,46,https://www.w3schools.com/,17820,0,9838
1682941968834,22492,HTTP Request,200,OK,Thread Group 1-250,text,true,,124610,119,45,45,https://www.w3schools.com/,20154,0,15661
1682941970307,21030,HTTP Request,200,OK,Thread Group 1-323,text,true,,124610,119,44,44,https://www.w3schools.com/,16953,0,9374
1682941970288,21056,HTTP Request,200,OK,Thread Group 1-322,text,true,,124610,119,43,43,https://www.w3schools.com/,17104,0,11701
1682941971014,20464,HTTP Request,200,OK,Thread Group 1-358,text,true,,124610,119,42,42,https://www.w3schools.com/,15241,0,7416
1682941968379,23098,HTTP Request,200,OK,Thread Group 1-226,text,true,,124610,119,42,42,https://www.w3schools.com/,19151,0,11504
1682941971824,19692,HTTP Request,200,OK,Thread Group 1-398,text,true,,124610,119,40,40,https://www.w3schools.com/,6251,0,3660
1682941969010,22562,HTTP Request,200,OK,Thread Group 1-256,text,true,,124610,119,39,39,https://www.w3schools.com/,17472,0,9730
1682941971103,20492,HTTP Request,200,OK,Thread Group 1-362,text,true,,124610,119,38,38,https://www.w3schools.com/,15461,0,9729
1682941970916,20683,HTTP Request,200,OK,Thread Group 1-352,text,true,,124610,119,37,37,https://www.w3schools.com/,17227,0,12190
1682941971097,20520,HTTP Request,200,OK,Thread Group 1-361,text,true,,124610,119,36,36,https://www.w3schools.com/,18274,0,13948
1682941972999,18622,HTTP Request,200,OK,Thread Group 1-455,text,true,,124610,119,35,35,https://www.w3schools.com/,15525,0,10715
1682941971842,19794,HTTP Request,200,OK,Thread Group 1-399,text,true,,124610,119,34,34,https://www.w3schools.com/,18502,0,17629
1682941971735,19910,HTTP Request,200,OK,Thread Group 1-393,text,true,,124610,119,33,33,https://www.w3schools.com/,18625,0,17739
1682941971717,19936,HTTP Request,200,OK,Thread Group 1-392,text,true,,124610,119,32,32,https://www.w3schools.com/,18659,0,17760
1682941968796,22866,HTTP Request,200,OK,Thread Group 1-248,text,true,,124610,119,31,31,https://www.w3schools.com/,20163,0,14694
1682941973163,18516,HTTP Request,200,OK,Thread Group 1-464,text,true,,124610,119,30,30,https://www.w3schools.com/,15243,0,10417
1682941969294,22390,HTTP Request,200,OK,Thread Group 1-272,text,true,,124610,119,29,29,https://www.w3schools.com/,19149,0,14312
1682941971297,20402,HTTP Request,200,OK,Thread Group 1-373,text,true,,124610,119,28,28,https://www.w3schools.com/,15836,0,8108
1682941970528,21195,HTTP Request,200,OK,Thread Group 1-333,text,true,,124610,119,27,27,https://www.w3schools.com/,16757,0,9188
1682941970868,20866,HTTP Request,200,OK,Thread Group 1-351,text,true,,124610,119,26,26,https://www.w3schools.com/,16472,0,8810
1682941972615,19122,HTTP Request,200,OK,Thread Group 1-437,text,true,,124610,119,25,25,https://www.w3schools.com/,14816,0,7216
1682941970451,21340,HTTP Request,200,OK,Thread Group 1-330,text,true,,124610,119,24,24,https://www.w3schools.com/,17315,0,9805
1682941969560,22245,HTTP Request,200,OK,Thread Group 1-285,text,true,,124610,119,23,23,https://www.w3schools.com/,18194,0,10774
1682941971980,19842,HTTP Request,200,OK,Thread Group 1-406,text,true,,124610,119,22,22,https://www.w3schools.com/,15884,0,8413
1682941968282,23542,HTTP Request,200,OK,Thread Group 1-222,text,true,,124610,119,21,21,https://www.w3schools.com/,21449,0,16249
1682941972215,19616,HTTP Request,200,OK,Thread Group 1-417,text,true,,124610,119,20,20,https://www.w3schools.com/,15654,0,8192
1682941969956,21895,HTTP Request,200,OK,Thread Group 1-305,text,true,,124610,119,19,19,https://www.w3schools.com/,17986,0,10576
1682941968877,23001,HTTP Request,200,OK,Thread Group 1-252,text,true,,124610,119,18,18,https://www.w3schools.com/,20335,0,13978
1682941972316,19564,HTTP Request,200,OK,Thread Group 1-422,text,true,,124610,119,17,17,https://www.w3schools.com/,17771,0,12395
1682941972606,19284,HTTP Request,200,OK,Thread Group 1-436,text,true,,124610,119,16,16,https://www.w3schools.com/,15548,0,8367
1682941969159,22743,HTTP Request,200,OK,Thread Group 1-266,text,true,,124610,119,15,15,https://www.w3schools.com/,18995,0,9148
1682941970590,21335,HTTP Request,200,OK,Thread Group 1-336,text,true,,124610,119,14,14,https://www.w3schools.com/,17842,0,10935
1682941970993,20943,HTTP Request,200,OK,Thread Group 1-356,text,true,,124610,119,13,13,https://www.w3schools.com/,17701,0,10945
1682941973030,18912,HTTP Request,200,OK,Thread Group 1-457,text,true,,124610,119,12,12,https://www.w3schools.com/,14341,0,6781
1682941972827,19118,HTTP Request,200,OK,Thread Group 1-447,text,true,,124610,119,11,11,https://www.w3schools.com/,16045,0,8953
1682941969706,22264,HTTP Request,200,OK,Thread Group 1-291,text,true,,124610,119,10,10,https://www.w3schools.com/,19258,0,12428
1682941968684,23288,HTTP Request,200,OK,Thread Group 1-242,text,true,,124610,119,9,9,https://www.w3schools.com/,20337,0,13745
1682941971315,20659,HTTP Request,200,OK,Thread Group 1-372,text,true,,124610,119,8,8,https://www.w3schools.com/,17846,0,11243
1682941969262,22734,HTTP Request,200,OK,Thread Group 1-271,text,true,,124610,119,7,7,https://www.w3schools.com/,21149,0,17733
1682941967734,24275,HTTP Request,200,OK,Thread Group 1-194,text,true,,124610,119,6,6,https://www.w3schools.com/,22929,0,19774
1682941970613,21422,HTTP Request,200,OK,Thread Group 1-338,text,true,,124610,119,5,5,https://www.w3schools.com/,19466,0,14025
1682941968158,23961,HTTP Request,200,OK,Thread Group 1-216,text,true,,124610,119,4,4,https://www.w3schools.com/,21653,0,10123
1682941970509,22125,HTTP Request,200,OK,Thread Group 1-332,text,true,,124610,119,3,3,https://www.w3schools.com/,21945,0,11581
1682941968732,24011,HTTP Request,200,OK,Thread Group 1-244,text,true,,124610,119,2,2,https://www.w3schools.com/,23351,0,22125
1682941973552,21752,HTTP Request,200,OK,Thread Group 1-483,text,true,,124610,119,1,1,https://www.w3schools.com/,9484,0,7347
